Year,Area,Variable,Statistic,Value
1993,New_Zealand_oceanic_waters,Oceanic_sea_surface_temperature,Mean,14.3612
1994,New_Zealand_oceanic_waters,Oceanic_sea_surface_temperature,Mean,14.4678
1995,New_Zealand_oceanic_waters,Oceanic_sea_surface_temperature,Mean,14.5782
1996,New_Zealand_oceanic_waters,Oceanic_sea_surface_temperature,Mean,14.649
1997,New_Zealand_oceanic_waters,Oceanic_sea_surface_temperature,Mean,14.4728
1998,New_Zealand_oceanic_waters,Oceanic_sea_surface_temperature,Mean,14.632
1999,New_Zealand_oceanic_waters,Oceanic_sea_surface_temperature,Mean,15.0981
2000,New_Zealand_oceanic_waters,Oceanic_sea_surface_temperature,Mean,14.8112
2001,New_Zealand_oceanic_waters,Oceanic_sea_surface_temperature,Mean,14.8066
2002,New_Zealand_oceanic_waters,Oceanic_sea_surface_temperature,Mean,14.8327
2003,New_Zealand_oceanic_waters,Oceanic_sea_surface_temperature,Mean,14.7494
2004,New_Zealand_oceanic_waters,Oceanic_sea_surface_temperature,Mean,14.5186
2005,New_Zealand_oceanic_waters,Oceanic_sea_surface_temperature,Mean,14.7422
2006,New_Zealand_oceanic_waters,Oceanic_sea_surface_temperature,Mean,14.6198
2007,New_Zealand_oceanic_waters,Oceanic_sea_surface_temperature,Mean,14.5462
2008,New_Zealand_oceanic_waters,Oceanic_sea_surface_temperature,Mean,14.5632
2009,New_Zealand_oceanic_waters,Oceanic_sea_surface_temperature,Mean,14.5427
2010,New_Zealand_oceanic_waters,Oceanic_sea_surface_temperature,Mean,14.7388
2011,New_Zealand_oceanic_waters,Oceanic_sea_surface_temperature,Mean,14.4536
2012,New_Zealand_oceanic_waters,Oceanic_sea_surface_temperature,Mean,14.7561
2013,New_Zealand_oceanic_waters,Oceanic_sea_surface_temperature,Mean,14.9975
2014,New_Zealand_oceanic_waters,Oceanic_sea_surface_temperature,Mean,14.9375
2015,New_Zealand_oceanic_waters,Oceanic_sea_surface_temperature,Mean,14.5487
2016,New_Zealand_oceanic_waters,Oceanic_sea_surface_temperature,Mean,14.7886
1993,Subantarctic_waters,Oceanic_sea_surface_temperature,Mean,10.1077
1994,Subantarctic_waters,Oceanic_sea_surface_temperature,Mean,10.4094
1995,Subantarctic_waters,Oceanic_sea_surface_temperature,Mean,9.95481
1996,Subantarctic_waters,Oceanic_sea_surface_temperature,Mean,10.1012
1997,Subantarctic_waters,Oceanic_sea_surface_temperature,Mean,9.92362
1998,Subantarctic_waters,Oceanic_sea_surface_temperature,Mean,9.96257
1999,Subantarctic_waters,Oceanic_sea_surface_temperature,Mean,10.5427
2000,Subantarctic_waters,Oceanic_sea_surface_temperature,Mean,10.2153
2001,Subantarctic_waters,Oceanic_sea_surface_temperature,Mean,10.0094
2002,Subantarctic_waters,Oceanic_sea_surface_temperature,Mean,10.0197
2003,Subantarctic_waters,Oceanic_sea_surface_temperature,Mean,9.70619
2004,Subantarctic_waters,Oceanic_sea_surface_temperature,Mean,9.56511
2005,Subantarctic_waters,Oceanic_sea_surface_temperature,Mean,9.957
2006,Subantarctic_waters,Oceanic_sea_surface_temperature,Mean,9.68884
2007,Subantarctic_waters,Oceanic_sea_surface_temperature,Mean,9.45144
2008,Subantarctic_waters,Oceanic_sea_surface_temperature,Mean,9.61252
2009,Subantarctic_waters,Oceanic_sea_surface_temperature,Mean,9.46809
2010,Subantarctic_waters,Oceanic_sea_surface_temperature,Mean,9.98569
2011,Subantarctic_waters,Oceanic_sea_surface_temperature,Mean,9.82353
2012,Subantarctic_waters,Oceanic_sea_surface_temperature,Mean,9.96002
2013,Subantarctic_waters,Oceanic_sea_surface_temperature,Mean,10.4313
2014,Subantarctic_waters,Oceanic_sea_surface_temperature,Mean,10.6465
2015,Subantarctic_waters,Oceanic_sea_surface_temperature,Mean,10.1853
2016,Subantarctic_waters,Oceanic_sea_surface_temperature,Mean,10.0317
1993,Subtropical_waters,Oceanic_sea_surface_temperature,Mean,17.3382
1994,Subtropical_waters,Oceanic_sea_surface_temperature,Mean,17.5668
1995,Subtropical_waters,Oceanic_sea_surface_temperature,Mean,18.0664
1996,Subtropical_waters,Oceanic_sea_surface_temperature,Mean,17.901
1997,Subtropical_waters,Oceanic_sea_surface_temperature,Mean,17.632
1998,Subtropical_waters,Oceanic_sea_surface_temperature,Mean,18.472
1999,Subtropical_waters,Oceanic_sea_surface_temperature,Mean,18.1987
2000,Subtropical_waters,Oceanic_sea_surface_temperature,Mean,17.7427
2001,Subtropical_waters,Oceanic_sea_surface_temperature,Mean,17.9944
2002,Subtropical_waters,Oceanic_sea_surface_temperature,Mean,17.9462
2003,Subtropical_waters,Oceanic_sea_surface_temperature,Mean,17.9259
2004,Subtropical_waters,Oceanic_sea_surface_temperature,Mean,17.7568
2005,Subtropical_waters,Oceanic_sea_surface_temperature,Mean,17.8914
2006,Subtropical_waters,Oceanic_sea_surface_temperature,Mean,17.8483
2007,Subtropical_waters,Oceanic_sea_surface_temperature,Mean,17.9209
2008,Subtropical_waters,Oceanic_sea_surface_temperature,Mean,17.7828
2009,Subtropical_waters,Oceanic_sea_surface_temperature,Mean,17.8449
2010,Subtropical_waters,Oceanic_sea_surface_temperature,Mean,17.8777
2011,Subtropical_waters,Oceanic_sea_surface_temperature,Mean,18.0246
2012,Subtropical_waters,Oceanic_sea_surface_temperature,Mean,17.8615
2013,Subtropical_waters,Oceanic_sea_surface_temperature,Mean,17.8283
2014,Subtropical_waters,Oceanic_sea_surface_temperature,Mean,18.1905
2015,Subtropical_waters,Oceanic_sea_surface_temperature,Mean,17.7365
2016,Subtropical_waters,Oceanic_sea_surface_temperature,Mean,18.3201
1993,Tasman_Sea,Oceanic_sea_surface_temperature,Mean,15.1366
1994,Tasman_Sea,Oceanic_sea_surface_temperature,Mean,15.4363
1995,Tasman_Sea,Oceanic_sea_surface_temperature,Mean,15.3093
1996,Tasman_Sea,Oceanic_sea_surface_temperature,Mean,15.5829
1997,Tasman_Sea,Oceanic_sea_surface_temperature,Mean,15.4521
1998,Tasman_Sea,Oceanic_sea_surface_temperature,Mean,15.861
1999,Tasman_Sea,Oceanic_sea_surface_temperature,Mean,16.0646
2000,Tasman_Sea,Oceanic_sea_surface_temperature,Mean,15.7499
2001,Tasman_Sea,Oceanic_sea_surface_temperature,Mean,15.9628
2002,Tasman_Sea,Oceanic_sea_surface_temperature,Mean,15.6042
2003,Tasman_Sea,Oceanic_sea_surface_temperature,Mean,15.4839
2004,Tasman_Sea,Oceanic_sea_surface_temperature,Mean,15.1078
2005,Tasman_Sea,Oceanic_sea_surface_temperature,Mean,15.8727
2006,Tasman_Sea,Oceanic_sea_surface_temperature,Mean,15.3485
2007,Tasman_Sea,Oceanic_sea_surface_temperature,Mean,15.5582
2008,Tasman_Sea,Oceanic_sea_surface_temperature,Mean,15.581
2009,Tasman_Sea,Oceanic_sea_surface_temperature,Mean,15.5652
2010,Tasman_Sea,Oceanic_sea_surface_temperature,Mean,15.7705
2011,Tasman_Sea,Oceanic_sea_surface_temperature,Mean,15.5046
2012,Tasman_Sea,Oceanic_sea_surface_temperature,Mean,15.5158
2013,Tasman_Sea,Oceanic_sea_surface_temperature,Mean,15.8444
2014,Tasman_Sea,Oceanic_sea_surface_temperature,Mean,15.7365
2015,Tasman_Sea,Oceanic_sea_surface_temperature,Mean,15.7747
2016,Tasman_Sea,Oceanic_sea_surface_temperature,Mean,16.015
1993,New_Zealand_oceanic_waters,Oceanic_sea_surface_temperature,Standard_Deviation,3.64791
1994,New_Zealand_oceanic_waters,Oceanic_sea_surface_temperature,Standard_Deviation,3.56263
1995,New_Zealand_oceanic_waters,Oceanic_sea_surface_temperature,Standard_Deviation,3.85053
1996,New_Zealand_oceanic_waters,Oceanic_sea_surface_temperature,Standard_Deviation,3.78651
1997,New_Zealand_oceanic_waters,Oceanic_sea_surface_temperature,Standard_Deviation,3.76706
1998,New_Zealand_oceanic_waters,Oceanic_sea_surface_temperature,Standard_Deviation,3.89736
1999,New_Zealand_oceanic_waters,Oceanic_sea_surface_temperature,Standard_Deviation,3.77122
2000,New_Zealand_oceanic_waters,Oceanic_sea_surface_temperature,Standard_Deviation,3.76373
2001,New_Zealand_oceanic_waters,Oceanic_sea_surface_temperature,Standard_Deviation,3.84937
2002,New_Zealand_oceanic_waters,Oceanic_sea_surface_temperature,Standard_Deviation,3.86158
2003,New_Zealand_oceanic_waters,Oceanic_sea_surface_temperature,Standard_Deviation,3.97356
2004,New_Zealand_oceanic_waters,Oceanic_sea_surface_temperature,Standard_Deviation,3.92487
2005,New_Zealand_oceanic_waters,Oceanic_sea_surface_temperature,Standard_Deviation,3.84461
2006,New_Zealand_oceanic_waters,Oceanic_sea_surface_temperature,Standard_Deviation,3.90866
2007,New_Zealand_oceanic_waters,Oceanic_sea_surface_temperature,Standard_Deviation,4.00232
2008,New_Zealand_oceanic_waters,Oceanic_sea_surface_temperature,Standard_Deviation,3.92927
2009,New_Zealand_oceanic_waters,Oceanic_sea_surface_temperature,Standard_Deviation,3.97262
2010,New_Zealand_oceanic_waters,Oceanic_sea_surface_temperature,Standard_Deviation,3.85997
2011,New_Zealand_oceanic_waters,Oceanic_sea_surface_temperature,Standard_Deviation,3.83321
2012,New_Zealand_oceanic_waters,Oceanic_sea_surface_temperature,Standard_Deviation,3.84035
2013,New_Zealand_oceanic_waters,Oceanic_sea_surface_temperature,Standard_Deviation,3.82893
2014,New_Zealand_oceanic_waters,Oceanic_sea_surface_temperature,Standard_Deviation,3.68158
2015,New_Zealand_oceanic_waters,Oceanic_sea_surface_temperature,Standard_Deviation,3.73613
2016,New_Zealand_oceanic_waters,Oceanic_sea_surface_temperature,Standard_Deviation,3.91719
1993,Subantarctic_waters,Oceanic_sea_surface_temperature,Standard_Deviation,1.01393
1994,Subantarctic_waters,Oceanic_sea_surface_temperature,Standard_Deviation,1.0172
1995,Subantarctic_waters,Oceanic_sea_surface_temperature,Standard_Deviation,1.3031
1996,Subantarctic_waters,Oceanic_sea_surface_temperature,Standard_Deviation,1.33448
1997,Subantarctic_waters,Oceanic_sea_surface_temperature,Standard_Deviation,1.16777
1998,Subantarctic_waters,Oceanic_sea_surface_temperature,Standard_Deviation,1.31914
1999,Subantarctic_waters,Oceanic_sea_surface_temperature,Standard_Deviation,1.33843
2000,Subantarctic_waters,Oceanic_sea_surface_temperature,Standard_Deviation,1.2137
2001,Subantarctic_waters,Oceanic_sea_surface_temperature,Standard_Deviation,1.2289
2002,Subantarctic_waters,Oceanic_sea_surface_temperature,Standard_Deviation,1.24374
2003,Subantarctic_waters,Oceanic_sea_surface_temperature,Standard_Deviation,1.31878
2004,Subantarctic_waters,Oceanic_sea_surface_temperature,Standard_Deviation,1.26164
2005,Subantarctic_waters,Oceanic_sea_surface_temperature,Standard_Deviation,1.35028
2006,Subantarctic_waters,Oceanic_sea_surface_temperature,Standard_Deviation,1.29126
2007,Subantarctic_waters,Oceanic_sea_surface_temperature,Standard_Deviation,1.2577
2008,Subantarctic_waters,Oceanic_sea_surface_temperature,Standard_Deviation,1.35701
2009,Subantarctic_waters,Oceanic_sea_surface_temperature,Standard_Deviation,1.25108
2010,Subantarctic_waters,Oceanic_sea_surface_temperature,Standard_Deviation,1.3779
2011,Subantarctic_waters,Oceanic_sea_surface_temperature,Standard_Deviation,1.23602
2012,Subantarctic_waters,Oceanic_sea_surface_temperature,Standard_Deviation,1.38611
2013,Subantarctic_waters,Oceanic_sea_surface_temperature,Standard_Deviation,1.38422
2014,Subantarctic_waters,Oceanic_sea_surface_temperature,Standard_Deviation,1.34792
2015,Subantarctic_waters,Oceanic_sea_surface_temperature,Standard_Deviation,0.996794
2016,Subantarctic_waters,Oceanic_sea_surface_temperature,Standard_Deviation,1.29774
1993,Subtropical_waters,Oceanic_sea_surface_temperature,Standard_Deviation,2.08266
1994,Subtropical_waters,Oceanic_sea_surface_temperature,Standard_Deviation,1.96375
1995,Subtropical_waters,Oceanic_sea_surface_temperature,Standard_Deviation,1.87506
1996,Subtropical_waters,Oceanic_sea_surface_temperature,Standard_Deviation,1.97736
1997,Subtropical_waters,Oceanic_sea_surface_temperature,Standard_Deviation,1.90636
1998,Subtropical_waters,Oceanic_sea_surface_temperature,Standard_Deviation,2.17156
1999,Subtropical_waters,Oceanic_sea_surface_temperature,Standard_Deviation,1.7123
2000,Subtropical_waters,Oceanic_sea_surface_temperature,Standard_Deviation,1.78471
2001,Subtropical_waters,Oceanic_sea_surface_temperature,Standard_Deviation,1.81216
2002,Subtropical_waters,Oceanic_sea_surface_temperature,Standard_Deviation,1.76822
2003,Subtropical_waters,Oceanic_sea_surface_temperature,Standard_Deviation,1.79001
2004,Subtropical_waters,Oceanic_sea_surface_temperature,Standard_Deviation,1.92225
2005,Subtropical_waters,Oceanic_sea_surface_temperature,Standard_Deviation,1.81624
2006,Subtropical_waters,Oceanic_sea_surface_temperature,Standard_Deviation,1.83107
2007,Subtropical_waters,Oceanic_sea_surface_temperature,Standard_Deviation,1.88009
2008,Subtropical_waters,Oceanic_sea_surface_temperature,Standard_Deviation,1.79709
2009,Subtropical_waters,Oceanic_sea_surface_temperature,Standard_Deviation,2.09444
2010,Subtropical_waters,Oceanic_sea_surface_temperature,Standard_Deviation,2.00232
2011,Subtropical_waters,Oceanic_sea_surface_temperature,Standard_Deviation,2.17257
2012,Subtropical_waters,Oceanic_sea_surface_temperature,Standard_Deviation,2.00169
2013,Subtropical_waters,Oceanic_sea_surface_temperature,Standard_Deviation,1.54007
2014,Subtropical_waters,Oceanic_sea_surface_temperature,Standard_Deviation,1.87423
2015,Subtropical_waters,Oceanic_sea_surface_temperature,Standard_Deviation,2.045
2016,Subtropical_waters,Oceanic_sea_surface_temperature,Standard_Deviation,2.08099
1993,Tasman_Sea,Oceanic_sea_surface_temperature,Standard_Deviation,2.08638
1994,Tasman_Sea,Oceanic_sea_surface_temperature,Standard_Deviation,2.06061
1995,Tasman_Sea,Oceanic_sea_surface_temperature,Standard_Deviation,2.12637
1996,Tasman_Sea,Oceanic_sea_surface_temperature,Standard_Deviation,2.20289
1997,Tasman_Sea,Oceanic_sea_surface_temperature,Standard_Deviation,2.28691
1998,Tasman_Sea,Oceanic_sea_surface_temperature,Standard_Deviation,2.51211
1999,Tasman_Sea,Oceanic_sea_surface_temperature,Standard_Deviation,1.93016
2000,Tasman_Sea,Oceanic_sea_surface_temperature,Standard_Deviation,2.05785
2001,Tasman_Sea,Oceanic_sea_surface_temperature,Standard_Deviation,2.09443
2002,Tasman_Sea,Oceanic_sea_surface_temperature,Standard_Deviation,1.93526
2003,Tasman_Sea,Oceanic_sea_surface_temperature,Standard_Deviation,2.10046
2004,Tasman_Sea,Oceanic_sea_surface_temperature,Standard_Deviation,2.12014
2005,Tasman_Sea,Oceanic_sea_surface_temperature,Standard_Deviation,2.06477
2006,Tasman_Sea,Oceanic_sea_surface_temperature,Standard_Deviation,2.12877
2007,Tasman_Sea,Oceanic_sea_surface_temperature,Standard_Deviation,2.19261
2008,Tasman_Sea,Oceanic_sea_surface_temperature,Standard_Deviation,2.03379
2009,Tasman_Sea,Oceanic_sea_surface_temperature,Standard_Deviation,2.24414
2010,Tasman_Sea,Oceanic_sea_surface_temperature,Standard_Deviation,2.19951
2011,Tasman_Sea,Oceanic_sea_surface_temperature,Standard_Deviation,2.23793
2012,Tasman_Sea,Oceanic_sea_surface_temperature,Standard_Deviation,1.94535
2013,Tasman_Sea,Oceanic_sea_surface_temperature,Standard_Deviation,2.06512
2014,Tasman_Sea,Oceanic_sea_surface_temperature,Standard_Deviation,2.14981
2015,Tasman_Sea,Oceanic_sea_surface_temperature,Standard_Deviation,2.28522
2016,Tasman_Sea,Oceanic_sea_surface_temperature,Standard_Deviation,2.13393
1993,New_Zealand_oceanic_waters,Oceanic_sea_surface_temperature,Minimum,7.04068
1994,New_Zealand_oceanic_waters,Oceanic_sea_surface_temperature,Minimum,6.06082
1995,New_Zealand_oceanic_waters,Oceanic_sea_surface_temperature,Minimum,6.00712
1996,New_Zealand_oceanic_waters,Oceanic_sea_surface_temperature,Minimum,6.76509
1997,New_Zealand_oceanic_waters,Oceanic_sea_surface_temperature,Minimum,6.98289
1998,New_Zealand_oceanic_waters,Oceanic_sea_surface_temperature,Minimum,6.71456
1999,New_Zealand_oceanic_waters,Oceanic_sea_surface_temperature,Minimum,7.70371
2000,New_Zealand_oceanic_waters,Oceanic_sea_surface_temperature,Minimum,6.90835
2001,New_Zealand_oceanic_waters,Oceanic_sea_surface_temperature,Minimum,7.1149
2002,New_Zealand_oceanic_waters,Oceanic_sea_surface_temperature,Minimum,7.36009
2003,New_Zealand_oceanic_waters,Oceanic_sea_surface_temperature,Minimum,7.09288
2004,New_Zealand_oceanic_waters,Oceanic_sea_surface_temperature,Minimum,6.82639
2005,New_Zealand_oceanic_waters,Oceanic_sea_surface_temperature,Minimum,7.0264
2006,New_Zealand_oceanic_waters,Oceanic_sea_surface_temperature,Minimum,7.1429
2007,New_Zealand_oceanic_waters,Oceanic_sea_surface_temperature,Minimum,6.9222
2008,New_Zealand_oceanic_waters,Oceanic_sea_surface_temperature,Minimum,6.8767
2009,New_Zealand_oceanic_waters,Oceanic_sea_surface_temperature,Minimum,7.03907
2010,New_Zealand_oceanic_waters,Oceanic_sea_surface_temperature,Minimum,7.21088
2011,New_Zealand_oceanic_waters,Oceanic_sea_surface_temperature,Minimum,6.44853
2012,New_Zealand_oceanic_waters,Oceanic_sea_surface_temperature,Minimum,7.36847
2013,New_Zealand_oceanic_waters,Oceanic_sea_surface_temperature,Minimum,6.94318
2014,New_Zealand_oceanic_waters,Oceanic_sea_surface_temperature,Minimum,7.63387
2015,New_Zealand_oceanic_waters,Oceanic_sea_surface_temperature,Minimum,7.5949
2016,New_Zealand_oceanic_waters,Oceanic_sea_surface_temperature,Minimum,7.11965
1993,Subantarctic_waters,Oceanic_sea_surface_temperature,Minimum,7.04068
1994,Subantarctic_waters,Oceanic_sea_surface_temperature,Minimum,6.55858
1995,Subantarctic_waters,Oceanic_sea_surface_temperature,Minimum,6.00712
1996,Subantarctic_waters,Oceanic_sea_surface_temperature,Minimum,6.80538
1997,Subantarctic_waters,Oceanic_sea_surface_temperature,Minimum,6.98289
1998,Subantarctic_waters,Oceanic_sea_surface_temperature,Minimum,6.94344
1999,Subantarctic_waters,Oceanic_sea_surface_temperature,Minimum,7.70371
2000,Subantarctic_waters,Oceanic_sea_surface_temperature,Minimum,6.90835
2001,Subantarctic_waters,Oceanic_sea_surface_temperature,Minimum,7.1149
2002,Subantarctic_waters,Oceanic_sea_surface_temperature,Minimum,7.36009
2003,Subantarctic_waters,Oceanic_sea_surface_temperature,Minimum,7.11297
2004,Subantarctic_waters,Oceanic_sea_surface_temperature,Minimum,6.82639
2005,Subantarctic_waters,Oceanic_sea_surface_temperature,Minimum,7.06854
2006,Subantarctic_waters,Oceanic_sea_surface_temperature,Minimum,7.1429
2007,Subantarctic_waters,Oceanic_sea_surface_temperature,Minimum,6.9222
2008,Subantarctic_waters,Oceanic_sea_surface_temperature,Minimum,6.8767
2009,Subantarctic_waters,Oceanic_sea_surface_temperature,Minimum,7.03907
2010,Subantarctic_waters,Oceanic_sea_surface_temperature,Minimum,7.27088
2011,Subantarctic_waters,Oceanic_sea_surface_temperature,Minimum,6.44853
2012,Subantarctic_waters,Oceanic_sea_surface_temperature,Minimum,7.36847
2013,Subantarctic_waters,Oceanic_sea_surface_temperature,Minimum,6.94318
2014,Subantarctic_waters,Oceanic_sea_surface_temperature,Minimum,7.63387
2015,Subantarctic_waters,Oceanic_sea_surface_temperature,Minimum,7.65559
2016,Subantarctic_waters,Oceanic_sea_surface_temperature,Minimum,7.20138
1993,Subtropical_waters,Oceanic_sea_surface_temperature,Minimum,11.9432
1994,Subtropical_waters,Oceanic_sea_surface_temperature,Minimum,10.6056
1995,Subtropical_waters,Oceanic_sea_surface_temperature,Minimum,11.9787
1996,Subtropical_waters,Oceanic_sea_surface_temperature,Minimum,11.2776
1997,Subtropical_waters,Oceanic_sea_surface_temperature,Minimum,12.0165
1998,Subtropical_waters,Oceanic_sea_surface_temperature,Minimum,12.4573
1999,Subtropical_waters,Oceanic_sea_surface_temperature,Minimum,12.4914
2000,Subtropical_waters,Oceanic_sea_surface_temperature,Minimum,11.887
2001,Subtropical_waters,Oceanic_sea_surface_temperature,Minimum,10.4436
2002,Subtropical_waters,Oceanic_sea_surface_temperature,Minimum,12.1617
2003,Subtropical_waters,Oceanic_sea_surface_temperature,Minimum,11.7532
2004,Subtropical_waters,Oceanic_sea_surface_temperature,Minimum,11.1037
2005,Subtropical_waters,Oceanic_sea_surface_temperature,Minimum,12.4193
2006,Subtropical_waters,Oceanic_sea_surface_temperature,Minimum,11.5145
2007,Subtropical_waters,Oceanic_sea_surface_temperature,Minimum,10.5017
2008,Subtropical_waters,Oceanic_sea_surface_temperature,Minimum,12.1651
2009,Subtropical_waters,Oceanic_sea_surface_temperature,Minimum,12.0011
2010,Subtropical_waters,Oceanic_sea_surface_temperature,Minimum,12.1912
2011,Subtropical_waters,Oceanic_sea_surface_temperature,Minimum,11.0608
2012,Subtropical_waters,Oceanic_sea_surface_temperature,Minimum,10.5068
2013,Subtropical_waters,Oceanic_sea_surface_temperature,Minimum,10.2925
2014,Subtropical_waters,Oceanic_sea_surface_temperature,Minimum,12.3738
2015,Subtropical_waters,Oceanic_sea_surface_temperature,Minimum,9.88105
2016,Subtropical_waters,Oceanic_sea_surface_temperature,Minimum,11.3901
1993,Tasman_Sea,Oceanic_sea_surface_temperature,Minimum,9.32433
1994,Tasman_Sea,Oceanic_sea_surface_temperature,Minimum,9.82646
1995,Tasman_Sea,Oceanic_sea_surface_temperature,Minimum,9.2114
1996,Tasman_Sea,Oceanic_sea_surface_temperature,Minimum,8.94077
1997,Tasman_Sea,Oceanic_sea_surface_temperature,Minimum,8.32093
1998,Tasman_Sea,Oceanic_sea_surface_temperature,Minimum,8.56638
1999,Tasman_Sea,Oceanic_sea_surface_temperature,Minimum,9.21244
2000,Tasman_Sea,Oceanic_sea_surface_temperature,Minimum,9.33644
2001,Tasman_Sea,Oceanic_sea_surface_temperature,Minimum,8.38585
2002,Tasman_Sea,Oceanic_sea_surface_temperature,Minimum,8.98675
2003,Tasman_Sea,Oceanic_sea_surface_temperature,Minimum,9.10164
2004,Tasman_Sea,Oceanic_sea_surface_temperature,Minimum,8.5001
2005,Tasman_Sea,Oceanic_sea_surface_temperature,Minimum,9.06981
2006,Tasman_Sea,Oceanic_sea_surface_temperature,Minimum,9.13393
2007,Tasman_Sea,Oceanic_sea_surface_temperature,Minimum,9.12955
2008,Tasman_Sea,Oceanic_sea_surface_temperature,Minimum,10.2536
2009,Tasman_Sea,Oceanic_sea_surface_temperature,Minimum,9.18999
2010,Tasman_Sea,Oceanic_sea_surface_temperature,Minimum,10.4711
2011,Tasman_Sea,Oceanic_sea_surface_temperature,Minimum,8.17255
2012,Tasman_Sea,Oceanic_sea_surface_temperature,Minimum,9.50253
2013,Tasman_Sea,Oceanic_sea_surface_temperature,Minimum,10.1898
2014,Tasman_Sea,Oceanic_sea_surface_temperature,Minimum,9.56267
2015,Tasman_Sea,Oceanic_sea_surface_temperature,Minimum,8.18161
2016,Tasman_Sea,Oceanic_sea_surface_temperature,Minimum,8.30476
1993,New_Zealand_oceanic_waters,Oceanic_sea_surface_temperature,Maximum,23.4033
1994,New_Zealand_oceanic_waters,Oceanic_sea_surface_temperature,Maximum,24.1099
1995,New_Zealand_oceanic_waters,Oceanic_sea_surface_temperature,Maximum,23.2561
1996,New_Zealand_oceanic_waters,Oceanic_sea_surface_temperature,Maximum,22.579
1997,New_Zealand_oceanic_waters,Oceanic_sea_surface_temperature,Maximum,23.6977
1998,New_Zealand_oceanic_waters,Oceanic_sea_surface_temperature,Maximum,23.2561
1999,New_Zealand_oceanic_waters,Oceanic_sea_surface_temperature,Maximum,22.5496
2000,New_Zealand_oceanic_waters,Oceanic_sea_surface_temperature,Maximum,22.844
2001,New_Zealand_oceanic_waters,Oceanic_sea_surface_temperature,Maximum,22.6084
2002,New_Zealand_oceanic_waters,Oceanic_sea_surface_temperature,Maximum,22.0196
2003,New_Zealand_oceanic_waters,Oceanic_sea_surface_temperature,Maximum,22.5201
2004,New_Zealand_oceanic_waters,Oceanic_sea_surface_temperature,Maximum,23.1089
2005,New_Zealand_oceanic_waters,Oceanic_sea_surface_temperature,Maximum,23.5211
2006,New_Zealand_oceanic_waters,Oceanic_sea_surface_temperature,Maximum,24.1099
2007,New_Zealand_oceanic_waters,Oceanic_sea_surface_temperature,Maximum,22.314
2008,New_Zealand_oceanic_waters,Oceanic_sea_surface_temperature,Maximum,23.6977
2009,New_Zealand_oceanic_waters,Oceanic_sea_surface_temperature,Maximum,23.7566
2010,New_Zealand_oceanic_waters,Oceanic_sea_surface_temperature,Maximum,22.4318
2011,New_Zealand_oceanic_waters,Oceanic_sea_surface_temperature,Maximum,24.8754
2012,New_Zealand_oceanic_waters,Oceanic_sea_surface_temperature,Maximum,23.3739
2013,New_Zealand_oceanic_waters,Oceanic_sea_surface_temperature,Maximum,22.9912
2014,New_Zealand_oceanic_waters,Oceanic_sea_surface_temperature,Maximum,22.9617
2015,New_Zealand_oceanic_waters,Oceanic_sea_surface_temperature,Maximum,22.6673
2016,New_Zealand_oceanic_waters,Oceanic_sea_surface_temperature,Maximum,22.8734
1993,Subantarctic_waters,Oceanic_sea_surface_temperature,Maximum,15.3163
1994,Subantarctic_waters,Oceanic_sea_surface_temperature,Maximum,18.245
1995,Subantarctic_waters,Oceanic_sea_surface_temperature,Maximum,16.0153
1996,Subantarctic_waters,Oceanic_sea_surface_temperature,Maximum,14.803
1997,Subantarctic_waters,Oceanic_sea_surface_temperature,Maximum,15.5208
1998,Subantarctic_waters,Oceanic_sea_surface_temperature,Maximum,18.4913
1999,Subantarctic_waters,Oceanic_sea_surface_temperature,Maximum,17.8423
2000,Subantarctic_waters,Oceanic_sea_surface_temperature,Maximum,15.5393
2001,Subantarctic_waters,Oceanic_sea_surface_temperature,Maximum,15.9309
2002,Subantarctic_waters,Oceanic_sea_surface_temperature,Maximum,16.6693
2003,Subantarctic_waters,Oceanic_sea_surface_temperature,Maximum,18.5227
2004,Subantarctic_waters,Oceanic_sea_surface_temperature,Maximum,16.3934
2005,Subantarctic_waters,Oceanic_sea_surface_temperature,Maximum,17.2224
2006,Subantarctic_waters,Oceanic_sea_surface_temperature,Maximum,18.4182
2007,Subantarctic_waters,Oceanic_sea_surface_temperature,Maximum,16.7459
2008,Subantarctic_waters,Oceanic_sea_surface_temperature,Maximum,15.7545
2009,Subantarctic_waters,Oceanic_sea_surface_temperature,Maximum,23.7566
2010,Subantarctic_waters,Oceanic_sea_surface_temperature,Maximum,16.3114
2011,Subantarctic_waters,Oceanic_sea_surface_temperature,Maximum,17.6882
2012,Subantarctic_waters,Oceanic_sea_surface_temperature,Maximum,18.4363
2013,Subantarctic_waters,Oceanic_sea_surface_temperature,Maximum,20.3199
2014,Subantarctic_waters,Oceanic_sea_surface_temperature,Maximum,15.6569
2015,Subantarctic_waters,Oceanic_sea_surface_temperature,Maximum,16.3753
2016,Subantarctic_waters,Oceanic_sea_surface_temperature,Maximum,19.1138
1993,Subtropical_waters,Oceanic_sea_surface_temperature,Maximum,22.5443
1994,Subtropical_waters,Oceanic_sea_surface_temperature,Maximum,24.1099
1995,Subtropical_waters,Oceanic_sea_surface_temperature,Maximum,23.2561
1996,Subtropical_waters,Oceanic_sea_surface_temperature,Maximum,21.3099
1997,Subtropical_waters,Oceanic_sea_surface_temperature,Maximum,23.6977
1998,Subtropical_waters,Oceanic_sea_surface_temperature,Maximum,23.0273
1999,Subtropical_waters,Oceanic_sea_surface_temperature,Maximum,22.5496
2000,Subtropical_waters,Oceanic_sea_surface_temperature,Maximum,22.844
2001,Subtropical_waters,Oceanic_sea_surface_temperature,Maximum,21.8418
2002,Subtropical_waters,Oceanic_sea_surface_temperature,Maximum,21.6081
2003,Subtropical_waters,Oceanic_sea_surface_temperature,Maximum,22.5201
2004,Subtropical_waters,Oceanic_sea_surface_temperature,Maximum,22.7783
2005,Subtropical_waters,Oceanic_sea_surface_temperature,Maximum,23.5211
2006,Subtropical_waters,Oceanic_sea_surface_temperature,Maximum,22.7248
2007,Subtropical_waters,Oceanic_sea_surface_temperature,Maximum,22.314
2008,Subtropical_waters,Oceanic_sea_surface_temperature,Maximum,22.6358
2009,Subtropical_waters,Oceanic_sea_surface_temperature,Maximum,21.7548
2010,Subtropical_waters,Oceanic_sea_surface_temperature,Maximum,21.8718
2011,Subtropical_waters,Oceanic_sea_surface_temperature,Maximum,24.8754
2012,Subtropical_waters,Oceanic_sea_surface_temperature,Maximum,21.993
2013,Subtropical_waters,Oceanic_sea_surface_temperature,Maximum,22.1898
2014,Subtropical_waters,Oceanic_sea_surface_temperature,Maximum,22.9617
2015,Subtropical_waters,Oceanic_sea_surface_temperature,Maximum,21.8378
2016,Subtropical_waters,Oceanic_sea_surface_temperature,Maximum,22.8734
1993,Tasman_Sea,Oceanic_sea_surface_temperature,Maximum,22.9843
1994,Tasman_Sea,Oceanic_sea_surface_temperature,Maximum,22.1622
1995,Tasman_Sea,Oceanic_sea_surface_temperature,Maximum,21.9661
1996,Tasman_Sea,Oceanic_sea_surface_temperature,Maximum,21.8135
1997,Tasman_Sea,Oceanic_sea_surface_temperature,Maximum,21.1279
1998,Tasman_Sea,Oceanic_sea_surface_temperature,Maximum,22.1117
1999,Tasman_Sea,Oceanic_sea_surface_temperature,Maximum,20.8799
2000,Tasman_Sea,Oceanic_sea_surface_temperature,Maximum,21.2933
2001,Tasman_Sea,Oceanic_sea_surface_temperature,Maximum,22.6084
2002,Tasman_Sea,Oceanic_sea_surface_temperature,Maximum,21.4905
2003,Tasman_Sea,Oceanic_sea_surface_temperature,Maximum,21.3952
2004,Tasman_Sea,Oceanic_sea_surface_temperature,Maximum,23.1089
2005,Tasman_Sea,Oceanic_sea_surface_temperature,Maximum,21.6462
2006,Tasman_Sea,Oceanic_sea_surface_temperature,Maximum,24.1099
2007,Tasman_Sea,Oceanic_sea_surface_temperature,Maximum,22.1351
2008,Tasman_Sea,Oceanic_sea_surface_temperature,Maximum,21.7013
2009,Tasman_Sea,Oceanic_sea_surface_temperature,Maximum,21.989
2010,Tasman_Sea,Oceanic_sea_surface_temperature,Maximum,20.9917
2011,Tasman_Sea,Oceanic_sea_surface_temperature,Maximum,23.1961
2012,Tasman_Sea,Oceanic_sea_surface_temperature,Maximum,23.3739
2013,Tasman_Sea,Oceanic_sea_surface_temperature,Maximum,21.4912
2014,Tasman_Sea,Oceanic_sea_surface_temperature,Maximum,20.7457
2015,Tasman_Sea,Oceanic_sea_surface_temperature,Maximum,21.5141
2016,Tasman_Sea,Oceanic_sea_surface_temperature,Maximum,21.9948
1993,New_Zealand_oceanic_waters,Oceanic_sea_surface_temperature,Sample_Size,6444317
1994,New_Zealand_oceanic_waters,Oceanic_sea_surface_temperature,Sample_Size,6444254
1995,New_Zealand_oceanic_waters,Oceanic_sea_surface_temperature,Sample_Size,6444670
1996,New_Zealand_oceanic_waters,Oceanic_sea_surface_temperature,Sample_Size,6444554
1997,New_Zealand_oceanic_waters,Oceanic_sea_surface_temperature,Sample_Size,6444911
1998,New_Zealand_oceanic_waters,Oceanic_sea_surface_temperature,Sample_Size,6444993
1999,New_Zealand_oceanic_waters,Oceanic_sea_surface_temperature,Sample_Size,6444939
2000,New_Zealand_oceanic_waters,Oceanic_sea_surface_temperature,Sample_Size,6444677
2001,New_Zealand_oceanic_waters,Oceanic_sea_surface_temperature,Sample_Size,6446041
2002,New_Zealand_oceanic_waters,Oceanic_sea_surface_temperature,Sample_Size,6445970
2003,New_Zealand_oceanic_waters,Oceanic_sea_surface_temperature,Sample_Size,6446136
2004,New_Zealand_oceanic_waters,Oceanic_sea_surface_temperature,Sample_Size,6449116
2005,New_Zealand_oceanic_waters,Oceanic_sea_surface_temperature,Sample_Size,6451441
2006,New_Zealand_oceanic_waters,Oceanic_sea_surface_temperature,Sample_Size,6449371
2007,New_Zealand_oceanic_waters,Oceanic_sea_surface_temperature,Sample_Size,6449512
2008,New_Zealand_oceanic_waters,Oceanic_sea_surface_temperature,Sample_Size,6450169
2009,New_Zealand_oceanic_waters,Oceanic_sea_surface_temperature,Sample_Size,6450855
2010,New_Zealand_oceanic_waters,Oceanic_sea_surface_temperature,Sample_Size,6451412
2011,New_Zealand_oceanic_waters,Oceanic_sea_surface_temperature,Sample_Size,6450142
2012,New_Zealand_oceanic_waters,Oceanic_sea_surface_temperature,Sample_Size,6450272
2013,New_Zealand_oceanic_waters,Oceanic_sea_surface_temperature,Sample_Size,6451133
2014,New_Zealand_oceanic_waters,Oceanic_sea_surface_temperature,Sample_Size,6448955
2015,New_Zealand_oceanic_waters,Oceanic_sea_surface_temperature,Sample_Size,6449392
2016,New_Zealand_oceanic_waters,Oceanic_sea_surface_temperature,Sample_Size,6449837
1993,Subantarctic_waters,Oceanic_sea_surface_temperature,Sample_Size,1195520
1994,Subantarctic_waters,Oceanic_sea_surface_temperature,Sample_Size,1195420
1995,Subantarctic_waters,Oceanic_sea_surface_temperature,Sample_Size,1195518
1996,Subantarctic_waters,Oceanic_sea_surface_temperature,Sample_Size,1195575
1997,Subantarctic_waters,Oceanic_sea_surface_temperature,Sample_Size,1195616
1998,Subantarctic_waters,Oceanic_sea_surface_temperature,Sample_Size,1195543
1999,Subantarctic_waters,Oceanic_sea_surface_temperature,Sample_Size,1195580
2000,Subantarctic_waters,Oceanic_sea_surface_temperature,Sample_Size,1195574
2001,Subantarctic_waters,Oceanic_sea_surface_temperature,Sample_Size,1195606
2002,Subantarctic_waters,Oceanic_sea_surface_temperature,Sample_Size,1195672
2003,Subantarctic_waters,Oceanic_sea_surface_temperature,Sample_Size,1195634
2004,Subantarctic_waters,Oceanic_sea_surface_temperature,Sample_Size,1196077
2005,Subantarctic_waters,Oceanic_sea_surface_temperature,Sample_Size,1196234
2006,Subantarctic_waters,Oceanic_sea_surface_temperature,Sample_Size,1196137
2007,Subantarctic_waters,Oceanic_sea_surface_temperature,Sample_Size,1196152
2008,Subantarctic_waters,Oceanic_sea_surface_temperature,Sample_Size,1196205
2009,Subantarctic_waters,Oceanic_sea_surface_temperature,Sample_Size,1196278
2010,Subantarctic_waters,Oceanic_sea_surface_temperature,Sample_Size,1196271
2011,Subantarctic_waters,Oceanic_sea_surface_temperature,Sample_Size,1196144
2012,Subantarctic_waters,Oceanic_sea_surface_temperature,Sample_Size,1196215
2013,Subantarctic_waters,Oceanic_sea_surface_temperature,Sample_Size,1196192
2014,Subantarctic_waters,Oceanic_sea_surface_temperature,Sample_Size,1196138
2015,Subantarctic_waters,Oceanic_sea_surface_temperature,Sample_Size,1196191
2016,Subantarctic_waters,Oceanic_sea_surface_temperature,Sample_Size,1196185
1993,Subtropical_waters,Oceanic_sea_surface_temperature,Sample_Size,1375991
1994,Subtropical_waters,Oceanic_sea_surface_temperature,Sample_Size,1376092
1995,Subtropical_waters,Oceanic_sea_surface_temperature,Sample_Size,1376097
1996,Subtropical_waters,Oceanic_sea_surface_temperature,Sample_Size,1376056
1997,Subtropical_waters,Oceanic_sea_surface_temperature,Sample_Size,1376117
1998,Subtropical_waters,Oceanic_sea_surface_temperature,Sample_Size,1376142
1999,Subtropical_waters,Oceanic_sea_surface_temperature,Sample_Size,1376091
2000,Subtropical_waters,Oceanic_sea_surface_temperature,Sample_Size,1376066
2001,Subtropical_waters,Oceanic_sea_surface_temperature,Sample_Size,1376444
2002,Subtropical_waters,Oceanic_sea_surface_temperature,Sample_Size,1376474
2003,Subtropical_waters,Oceanic_sea_surface_temperature,Sample_Size,1376410
2004,Subtropical_waters,Oceanic_sea_surface_temperature,Sample_Size,1377495
2005,Subtropical_waters,Oceanic_sea_surface_temperature,Sample_Size,1377596
2006,Subtropical_waters,Oceanic_sea_surface_temperature,Sample_Size,1377446
2007,Subtropical_waters,Oceanic_sea_surface_temperature,Sample_Size,1377453
2008,Subtropical_waters,Oceanic_sea_surface_temperature,Sample_Size,1377502
2009,Subtropical_waters,Oceanic_sea_surface_temperature,Sample_Size,1377767
2010,Subtropical_waters,Oceanic_sea_surface_temperature,Sample_Size,1377645
2011,Subtropical_waters,Oceanic_sea_surface_temperature,Sample_Size,1377708
2012,Subtropical_waters,Oceanic_sea_surface_temperature,Sample_Size,1377505
2013,Subtropical_waters,Oceanic_sea_surface_temperature,Sample_Size,1377805
2014,Subtropical_waters,Oceanic_sea_surface_temperature,Sample_Size,1377338
2015,Subtropical_waters,Oceanic_sea_surface_temperature,Sample_Size,1377549
2016,Subtropical_waters,Oceanic_sea_surface_temperature,Sample_Size,1377636
1993,Tasman_Sea,Oceanic_sea_surface_temperature,Sample_Size,1490916
1994,Tasman_Sea,Oceanic_sea_surface_temperature,Sample_Size,1491138
1995,Tasman_Sea,Oceanic_sea_surface_temperature,Sample_Size,1490963
1996,Tasman_Sea,Oceanic_sea_surface_temperature,Sample_Size,1490861
1997,Tasman_Sea,Oceanic_sea_surface_temperature,Sample_Size,1491061
1998,Tasman_Sea,Oceanic_sea_surface_temperature,Sample_Size,1491104
1999,Tasman_Sea,Oceanic_sea_surface_temperature,Sample_Size,1491200
2000,Tasman_Sea,Oceanic_sea_surface_temperature,Sample_Size,1490979
2001,Tasman_Sea,Oceanic_sea_surface_temperature,Sample_Size,1491605
2002,Tasman_Sea,Oceanic_sea_surface_temperature,Sample_Size,1491499
2003,Tasman_Sea,Oceanic_sea_surface_temperature,Sample_Size,1491668
2004,Tasman_Sea,Oceanic_sea_surface_temperature,Sample_Size,1492128
2005,Tasman_Sea,Oceanic_sea_surface_temperature,Sample_Size,1493649
2006,Tasman_Sea,Oceanic_sea_surface_temperature,Sample_Size,1492428
2007,Tasman_Sea,Oceanic_sea_surface_temperature,Sample_Size,1492504
2008,Tasman_Sea,Oceanic_sea_surface_temperature,Sample_Size,1492859
2009,Tasman_Sea,Oceanic_sea_surface_temperature,Sample_Size,1492808
2010,Tasman_Sea,Oceanic_sea_surface_temperature,Sample_Size,1493593
2011,Tasman_Sea,Oceanic_sea_surface_temperature,Sample_Size,1492752
2012,Tasman_Sea,Oceanic_sea_surface_temperature,Sample_Size,1492871
2013,Tasman_Sea,Oceanic_sea_surface_temperature,Sample_Size,1493119
2014,Tasman_Sea,Oceanic_sea_surface_temperature,Sample_Size,1492305
2015,Tasman_Sea,Oceanic_sea_surface_temperature,Sample_Size,1492275
2016,Tasman_Sea,Oceanic_sea_surface_temperature,Sample_Size,1492451
1993,New_Zealand_oceanic_waters,Oceanic_sea_surface_temperature_anomaly,Mean_Anomoly,-0.23714
1994,New_Zealand_oceanic_waters,Oceanic_sea_surface_temperature_anomaly,Mean_Anomoly,-0.0380001
1995,New_Zealand_oceanic_waters,Oceanic_sea_surface_temperature_anomaly,Mean_Anomoly,0.0286203
1996,New_Zealand_oceanic_waters,Oceanic_sea_surface_temperature_anomaly,Mean_Anomoly,0.0350169
1997,New_Zealand_oceanic_waters,Oceanic_sea_surface_temperature_anomaly,Mean_Anomoly,-0.130397
1998,New_Zealand_oceanic_waters,Oceanic_sea_surface_temperature_anomaly,Mean_Anomoly,0.34642
1999,New_Zealand_oceanic_waters,Oceanic_sea_surface_temperature_anomaly,Mean_Anomoly,0.463813
2000,New_Zealand_oceanic_waters,Oceanic_sea_surface_temperature_anomaly,Mean_Anomoly,0.0658035
2001,New_Zealand_oceanic_waters,Oceanic_sea_surface_temperature_anomaly,Mean_Anomoly,0.185923
2002,New_Zealand_oceanic_waters,Oceanic_sea_surface_temperature_anomaly,Mean_Anomoly,0.0981546
2003,New_Zealand_oceanic_waters,Oceanic_sea_surface_temperature_anomaly,Mean_Anomoly,-0.0375082
2004,New_Zealand_oceanic_waters,Oceanic_sea_surface_temperature_anomaly,Mean_Anomoly,-0.210658
2005,New_Zealand_oceanic_waters,Oceanic_sea_surface_temperature_anomaly,Mean_Anomoly,0.116291
2006,New_Zealand_oceanic_waters,Oceanic_sea_surface_temperature_anomaly,Mean_Anomoly,-0.105079
2007,New_Zealand_oceanic_waters,Oceanic_sea_surface_temperature_anomaly,Mean_Anomoly,-0.136804
2008,New_Zealand_oceanic_waters,Oceanic_sea_surface_temperature_anomaly,Mean_Anomoly,-0.13277
2009,New_Zealand_oceanic_waters,Oceanic_sea_surface_temperature_anomaly,Mean_Anomoly,-0.155701
2010,New_Zealand_oceanic_waters,Oceanic_sea_surface_temperature_anomaly,Mean_Anomoly,0.0617283
2011,New_Zealand_oceanic_waters,Oceanic_sea_surface_temperature_anomaly,Mean_Anomoly,-0.0240663
2012,New_Zealand_oceanic_waters,Oceanic_sea_surface_temperature_anomaly,Mean_Anomoly,0.00392728
2013,New_Zealand_oceanic_waters,Oceanic_sea_surface_temperature_anomaly,Mean_Anomoly,0.314325
2014,New_Zealand_oceanic_waters,Oceanic_sea_surface_temperature_anomaly,Mean_Anomoly,0.38659
2015,New_Zealand_oceanic_waters,Oceanic_sea_surface_temperature_anomaly,Mean_Anomoly,0.0596706
2016,New_Zealand_oceanic_waters,Oceanic_sea_surface_temperature_anomaly,Mean_Anomoly,0.313003
1993,Subantarctic_waters,Oceanic_sea_surface_temperature_anomaly,Mean_Anomoly,0.219059
1994,Subantarctic_waters,Oceanic_sea_surface_temperature_anomaly,Mean_Anomoly,0.521923
1995,Subantarctic_waters,Oceanic_sea_surface_temperature_anomaly,Mean_Anomoly,0.0779234
1996,Subantarctic_waters,Oceanic_sea_surface_temperature_anomaly,Mean_Anomoly,0.215577
1997,Subantarctic_waters,Oceanic_sea_surface_temperature_anomaly,Mean_Anomoly,0.0391758
1998,Subantarctic_waters,Oceanic_sea_surface_temperature_anomaly,Mean_Anomoly,0.0844166
1999,Subantarctic_waters,Oceanic_sea_surface_temperature_anomaly,Mean_Anomoly,0.667958
2000,Subantarctic_waters,Oceanic_sea_surface_temperature_anomaly,Mean_Anomoly,0.333221
2001,Subantarctic_waters,Oceanic_sea_surface_temperature_anomaly,Mean_Anomoly,0.134404
2002,Subantarctic_waters,Oceanic_sea_surface_temperature_anomaly,Mean_Anomoly,0.130139
2003,Subantarctic_waters,Oceanic_sea_surface_temperature_anomaly,Mean_Anomoly,-0.172739
2004,Subantarctic_waters,Oceanic_sea_surface_temperature_anomaly,Mean_Anomoly,-0.331318
2005,Subantarctic_waters,Oceanic_sea_surface_temperature_anomaly,Mean_Anomoly,0.0801773
2006,Subantarctic_waters,Oceanic_sea_surface_temperature_anomaly,Mean_Anomoly,-0.208052
2007,Subantarctic_waters,Oceanic_sea_surface_temperature_anomaly,Mean_Anomoly,-0.433283
2008,Subantarctic_waters,Oceanic_sea_surface_temperature_anomaly,Mean_Anomoly,-0.2833
2009,Subantarctic_waters,Oceanic_sea_surface_temperature_anomaly,Mean_Anomoly,-0.428944
2010,Subantarctic_waters,Oceanic_sea_surface_temperature_anomaly,Mean_Anomoly,0.116065
2011,Subantarctic_waters,Oceanic_sea_surface_temperature_anomaly,Mean_Anomoly,-0.0460219
2012,Subantarctic_waters,Oceanic_sea_surface_temperature_anomaly,Mean_Anomoly,0.0880375
2013,Subantarctic_waters,Oceanic_sea_surface_temperature_anomaly,Mean_Anomoly,0.55887
2014,Subantarctic_waters,Oceanic_sea_surface_temperature_anomaly,Mean_Anomoly,0.763882
2015,Subantarctic_waters,Oceanic_sea_surface_temperature_anomaly,Mean_Anomoly,0.298627
2016,Subantarctic_waters,Oceanic_sea_surface_temperature_anomaly,Mean_Anomoly,0.152976
1993,Subtropical_waters,Oceanic_sea_surface_temperature_anomaly,Mean_Anomoly,-0.561018
1994,Subtropical_waters,Oceanic_sea_surface_temperature_anomaly,Mean_Anomoly,-0.322443
1995,Subtropical_waters,Oceanic_sea_surface_temperature_anomaly,Mean_Anomoly,0.264839
1996,Subtropical_waters,Oceanic_sea_surface_temperature_anomaly,Mean_Anomoly,-0.00863315
1997,Subtropical_waters,Oceanic_sea_surface_temperature_anomaly,Mean_Anomoly,-0.289924
1998,Subtropical_waters,Oceanic_sea_surface_temperature_anomaly,Mean_Anomoly,0.651883
1999,Subtropical_waters,Oceanic_sea_surface_temperature_anomaly,Mean_Anomoly,0.345048
2000,Subtropical_waters,Oceanic_sea_surface_temperature_anomaly,Mean_Anomoly,-0.0863247
2001,Subtropical_waters,Oceanic_sea_surface_temperature_anomaly,Mean_Anomoly,0.166982
2002,Subtropical_waters,Oceanic_sea_surface_temperature_anomaly,Mean_Anomoly,0.120605
2003,Subtropical_waters,Oceanic_sea_surface_temperature_anomaly,Mean_Anomoly,0.0668881
2004,Subtropical_waters,Oceanic_sea_surface_temperature_anomaly,Mean_Anomoly,-0.140294
2005,Subtropical_waters,Oceanic_sea_surface_temperature_anomaly,Mean_Anomoly,0.0162732
2006,Subtropical_waters,Oceanic_sea_surface_temperature_anomaly,Mean_Anomoly,-0.0203304
2007,Subtropical_waters,Oceanic_sea_surface_temperature_anomaly,Mean_Anomoly,0.0376695
2008,Subtropical_waters,Oceanic_sea_surface_temperature_anomaly,Mean_Anomoly,-0.0925348
2009,Subtropical_waters,Oceanic_sea_surface_temperature_anomaly,Mean_Anomoly,-0.135249
2010,Subtropical_waters,Oceanic_sea_surface_temperature_anomaly,Mean_Anomoly,-0.0920146
2011,Subtropical_waters,Oceanic_sea_surface_temperature_anomaly,Mean_Anomoly,0.130013
2012,Subtropical_waters,Oceanic_sea_surface_temperature_anomaly,Mean_Anomoly,-0.0696762
2013,Subtropical_waters,Oceanic_sea_surface_temperature_anomaly,Mean_Anomoly,0.162975
2014,Subtropical_waters,Oceanic_sea_surface_temperature_anomaly,Mean_Anomoly,0.31352
2015,Subtropical_waters,Oceanic_sea_surface_temperature_anomaly,Mean_Anomoly,-0.149195
2016,Subtropical_waters,Oceanic_sea_surface_temperature_anomaly,Mean_Anomoly,0.4202
1993,Tasman_Sea,Oceanic_sea_surface_temperature_anomaly,Mean_Anomoly,-0.404118
1994,Tasman_Sea,Oceanic_sea_surface_temperature_anomaly,Mean_Anomoly,-0.150792
1995,Tasman_Sea,Oceanic_sea_surface_temperature_anomaly,Mean_Anomoly,-0.269796
1996,Tasman_Sea,Oceanic_sea_surface_temperature_anomaly,Mean_Anomoly,-0.0432456
1997,Tasman_Sea,Oceanic_sea_surface_temperature_anomaly,Mean_Anomoly,-0.140818
1998,Tasman_Sea,Oceanic_sea_surface_temperature_anomaly,Mean_Anomoly,0.322988
1999,Tasman_Sea,Oceanic_sea_surface_temperature_anomaly,Mean_Anomoly,0.56604
2000,Tasman_Sea,Oceanic_sea_surface_temperature_anomaly,Mean_Anomoly,0.0993978
2001,Tasman_Sea,Oceanic_sea_surface_temperature_anomaly,Mean_Anomoly,0.402976
2002,Tasman_Sea,Oceanic_sea_surface_temperature_anomaly,Mean_Anomoly,0.0690436
2003,Tasman_Sea,Oceanic_sea_surface_temperature_anomaly,Mean_Anomoly,-0.0780596
2004,Tasman_Sea,Oceanic_sea_surface_temperature_anomaly,Mean_Anomoly,-0.436394
2005,Tasman_Sea,Oceanic_sea_surface_temperature_anomaly,Mean_Anomoly,0.275022
2006,Tasman_Sea,Oceanic_sea_surface_temperature_anomaly,Mean_Anomoly,-0.262484
2007,Tasman_Sea,Oceanic_sea_surface_temperature_anomaly,Mean_Anomoly,-0.0343913
2008,Tasman_Sea,Oceanic_sea_surface_temperature_anomaly,Mean_Anomoly,0.0528357
2009,Tasman_Sea,Oceanic_sea_surface_temperature_anomaly,Mean_Anomoly,-0.0463218
2010,Tasman_Sea,Oceanic_sea_surface_temperature_anomaly,Mean_Anomoly,0.145501
2011,Tasman_Sea,Oceanic_sea_surface_temperature_anomaly,Mean_Anomoly,-0.0950404
2012,Tasman_Sea,Oceanic_sea_surface_temperature_anomaly,Mean_Anomoly,0.0048387
2013,Tasman_Sea,Oceanic_sea_surface_temperature_anomaly,Mean_Anomoly,0.301406
2014,Tasman_Sea,Oceanic_sea_surface_temperature_anomaly,Mean_Anomoly,0.114575
2015,Tasman_Sea,Oceanic_sea_surface_temperature_anomaly,Mean_Anomoly,0.162759
2016,Tasman_Sea,Oceanic_sea_surface_temperature_anomaly,Mean_Anomoly,0.47071
1993,New_Zealand_oceanic_waters,Oceanic_sea_surface_temperature_anomaly,Standard_Deviation,0.434774
1994,New_Zealand_oceanic_waters,Oceanic_sea_surface_temperature_anomaly,Standard_Deviation,0.473591
1995,New_Zealand_oceanic_waters,Oceanic_sea_surface_temperature_anomaly,Standard_Deviation,0.322602
1996,New_Zealand_oceanic_waters,Oceanic_sea_surface_temperature_anomaly,Standard_Deviation,0.264942
1997,New_Zealand_oceanic_waters,Oceanic_sea_surface_temperature_anomaly,Standard_Deviation,0.262058
1998,New_Zealand_oceanic_waters,Oceanic_sea_surface_temperature_anomaly,Standard_Deviation,0.424014
1999,New_Zealand_oceanic_waters,Oceanic_sea_surface_temperature_anomaly,Standard_Deviation,0.340281
2000,New_Zealand_oceanic_waters,Oceanic_sea_surface_temperature_anomaly,Standard_Deviation,0.307062
2001,New_Zealand_oceanic_waters,Oceanic_sea_surface_temperature_anomaly,Standard_Deviation,0.262459
2002,New_Zealand_oceanic_waters,Oceanic_sea_surface_temperature_anomaly,Standard_Deviation,0.253402
2003,New_Zealand_oceanic_waters,Oceanic_sea_surface_temperature_anomaly,Standard_Deviation,0.234618
2004,New_Zealand_oceanic_waters,Oceanic_sea_surface_temperature_anomaly,Standard_Deviation,0.277983
2005,New_Zealand_oceanic_waters,Oceanic_sea_surface_temperature_anomaly,Standard_Deviation,0.246065
2006,New_Zealand_oceanic_waters,Oceanic_sea_surface_temperature_anomaly,Standard_Deviation,0.226491
2007,New_Zealand_oceanic_waters,Oceanic_sea_surface_temperature_anomaly,Standard_Deviation,0.275572
2008,New_Zealand_oceanic_waters,Oceanic_sea_surface_temperature_anomaly,Standard_Deviation,0.251647
2009,New_Zealand_oceanic_waters,Oceanic_sea_surface_temperature_anomaly,Standard_Deviation,0.244845
2010,New_Zealand_oceanic_waters,Oceanic_sea_surface_temperature_anomaly,Standard_Deviation,0.231082
2011,New_Zealand_oceanic_waters,Oceanic_sea_surface_temperature_anomaly,Standard_Deviation,0.28266
2012,New_Zealand_oceanic_waters,Oceanic_sea_surface_temperature_anomaly,Standard_Deviation,0.229734
2013,New_Zealand_oceanic_waters,Oceanic_sea_surface_temperature_anomaly,Standard_Deviation,0.357649
2014,New_Zealand_oceanic_waters,Oceanic_sea_surface_temperature_anomaly,Standard_Deviation,0.422439
2015,New_Zealand_oceanic_waters,Oceanic_sea_surface_temperature_anomaly,Standard_Deviation,0.392806
2016,New_Zealand_oceanic_waters,Oceanic_sea_surface_temperature_anomaly,Standard_Deviation,0.334146
1993,Subantarctic_waters,Oceanic_sea_surface_temperature_anomaly,Standard_Deviation,0.394753
1994,Subantarctic_waters,Oceanic_sea_surface_temperature_anomaly,Standard_Deviation,0.496101
1995,Subantarctic_waters,Oceanic_sea_surface_temperature_anomaly,Standard_Deviation,0.28679
1996,Subantarctic_waters,Oceanic_sea_surface_temperature_anomaly,Standard_Deviation,0.278143
1997,Subantarctic_waters,Oceanic_sea_surface_temperature_anomaly,Standard_Deviation,0.279338
1998,Subantarctic_waters,Oceanic_sea_surface_temperature_anomaly,Standard_Deviation,0.272772
1999,Subantarctic_waters,Oceanic_sea_surface_temperature_anomaly,Standard_Deviation,0.296587
2000,Subantarctic_waters,Oceanic_sea_surface_temperature_anomaly,Standard_Deviation,0.291527
2001,Subantarctic_waters,Oceanic_sea_surface_temperature_anomaly,Standard_Deviation,0.224627
2002,Subantarctic_waters,Oceanic_sea_surface_temperature_anomaly,Standard_Deviation,0.219723
2003,Subantarctic_waters,Oceanic_sea_surface_temperature_anomaly,Standard_Deviation,0.177153
2004,Subantarctic_waters,Oceanic_sea_surface_temperature_anomaly,Standard_Deviation,0.225081
2005,Subantarctic_waters,Oceanic_sea_surface_temperature_anomaly,Standard_Deviation,0.26779
2006,Subantarctic_waters,Oceanic_sea_surface_temperature_anomaly,Standard_Deviation,0.191912
2007,Subantarctic_waters,Oceanic_sea_surface_temperature_anomaly,Standard_Deviation,0.266209
2008,Subantarctic_waters,Oceanic_sea_surface_temperature_anomaly,Standard_Deviation,0.182517
2009,Subantarctic_waters,Oceanic_sea_surface_temperature_anomaly,Standard_Deviation,0.213723
2010,Subantarctic_waters,Oceanic_sea_surface_temperature_anomaly,Standard_Deviation,0.240729
2011,Subantarctic_waters,Oceanic_sea_surface_temperature_anomaly,Standard_Deviation,0.19402
2012,Subantarctic_waters,Oceanic_sea_surface_temperature_anomaly,Standard_Deviation,0.227685
2013,Subantarctic_waters,Oceanic_sea_surface_temperature_anomaly,Standard_Deviation,0.298883
2014,Subantarctic_waters,Oceanic_sea_surface_temperature_anomaly,Standard_Deviation,0.378549
2015,Subantarctic_waters,Oceanic_sea_surface_temperature_anomaly,Standard_Deviation,0.479738
2016,Subantarctic_waters,Oceanic_sea_surface_temperature_anomaly,Standard_Deviation,0.298068
1993,Subtropical_waters,Oceanic_sea_surface_temperature_anomaly,Standard_Deviation,0.293594
1994,Subtropical_waters,Oceanic_sea_surface_temperature_anomaly,Standard_Deviation,0.242943
1995,Subtropical_waters,Oceanic_sea_surface_temperature_anomaly,Standard_Deviation,0.241627
1996,Subtropical_waters,Oceanic_sea_surface_temperature_anomaly,Standard_Deviation,0.200848
1997,Subtropical_waters,Oceanic_sea_surface_temperature_anomaly,Standard_Deviation,0.16593
1998,Subtropical_waters,Oceanic_sea_surface_temperature_anomaly,Standard_Deviation,0.344216
1999,Subtropical_waters,Oceanic_sea_surface_temperature_anomaly,Standard_Deviation,0.349535
2000,Subtropical_waters,Oceanic_sea_surface_temperature_anomaly,Standard_Deviation,0.20601
2001,Subtropical_waters,Oceanic_sea_surface_temperature_anomaly,Standard_Deviation,0.172621
2002,Subtropical_waters,Oceanic_sea_surface_temperature_anomaly,Standard_Deviation,0.195851
2003,Subtropical_waters,Oceanic_sea_surface_temperature_anomaly,Standard_Deviation,0.210296
2004,Subtropical_waters,Oceanic_sea_surface_temperature_anomaly,Standard_Deviation,0.198822
2005,Subtropical_waters,Oceanic_sea_surface_temperature_anomaly,Standard_Deviation,0.2083
2006,Subtropical_waters,Oceanic_sea_surface_temperature_anomaly,Standard_Deviation,0.158648
2007,Subtropical_waters,Oceanic_sea_surface_temperature_anomaly,Standard_Deviation,0.166142
2008,Subtropical_waters,Oceanic_sea_surface_temperature_anomaly,Standard_Deviation,0.230041
2009,Subtropical_waters,Oceanic_sea_surface_temperature_anomaly,Standard_Deviation,0.214945
2010,Subtropical_waters,Oceanic_sea_surface_temperature_anomaly,Standard_Deviation,0.186295
2011,Subtropical_waters,Oceanic_sea_surface_temperature_anomaly,Standard_Deviation,0.309726
2012,Subtropical_waters,Oceanic_sea_surface_temperature_anomaly,Standard_Deviation,0.193122
2013,Subtropical_waters,Oceanic_sea_surface_temperature_anomaly,Standard_Deviation,0.334458
2014,Subtropical_waters,Oceanic_sea_surface_temperature_anomaly,Standard_Deviation,0.272501
2015,Subtropical_waters,Oceanic_sea_surface_temperature_anomaly,Standard_Deviation,0.261255
2016,Subtropical_waters,Oceanic_sea_surface_temperature_anomaly,Standard_Deviation,0.266863
1993,Tasman_Sea,Oceanic_sea_surface_temperature_anomaly,Standard_Deviation,0.235673
1994,Tasman_Sea,Oceanic_sea_surface_temperature_anomaly,Standard_Deviation,0.22217
1995,Tasman_Sea,Oceanic_sea_surface_temperature_anomaly,Standard_Deviation,0.237273
1996,Tasman_Sea,Oceanic_sea_surface_temperature_anomaly,Standard_Deviation,0.239476
1997,Tasman_Sea,Oceanic_sea_surface_temperature_anomaly,Standard_Deviation,0.273387
1998,Tasman_Sea,Oceanic_sea_surface_temperature_anomaly,Standard_Deviation,0.428079
1999,Tasman_Sea,Oceanic_sea_surface_temperature_anomaly,Standard_Deviation,0.305907
2000,Tasman_Sea,Oceanic_sea_surface_temperature_anomaly,Standard_Deviation,0.224927
2001,Tasman_Sea,Oceanic_sea_surface_temperature_anomaly,Standard_Deviation,0.20832
2002,Tasman_Sea,Oceanic_sea_surface_temperature_anomaly,Standard_Deviation,0.222858
2003,Tasman_Sea,Oceanic_sea_surface_temperature_anomaly,Standard_Deviation,0.186348
2004,Tasman_Sea,Oceanic_sea_surface_temperature_anomaly,Standard_Deviation,0.223264
2005,Tasman_Sea,Oceanic_sea_surface_temperature_anomaly,Standard_Deviation,0.194756
2006,Tasman_Sea,Oceanic_sea_surface_temperature_anomaly,Standard_Deviation,0.165363
2007,Tasman_Sea,Oceanic_sea_surface_temperature_anomaly,Standard_Deviation,0.195418
2008,Tasman_Sea,Oceanic_sea_surface_temperature_anomaly,Standard_Deviation,0.208799
2009,Tasman_Sea,Oceanic_sea_surface_temperature_anomaly,Standard_Deviation,0.184953
2010,Tasman_Sea,Oceanic_sea_surface_temperature_anomaly,Standard_Deviation,0.190227
2011,Tasman_Sea,Oceanic_sea_surface_temperature_anomaly,Standard_Deviation,0.206076
2012,Tasman_Sea,Oceanic_sea_surface_temperature_anomaly,Standard_Deviation,0.226225
2013,Tasman_Sea,Oceanic_sea_surface_temperature_anomaly,Standard_Deviation,0.223714
2014,Tasman_Sea,Oceanic_sea_surface_temperature_anomaly,Standard_Deviation,0.199888
2015,Tasman_Sea,Oceanic_sea_surface_temperature_anomaly,Standard_Deviation,0.241453
2016,Tasman_Sea,Oceanic_sea_surface_temperature_anomaly,Standard_Deviation,0.24184
1993,New_Zealand_oceanic_waters,Oceanic_sea_surface_temperature_anomaly,Minimum,-5.15389
1994,New_Zealand_oceanic_waters,Oceanic_sea_surface_temperature_anomaly,Minimum,-7.04247
1995,New_Zealand_oceanic_waters,Oceanic_sea_surface_temperature_anomaly,Minimum,-4.83321
1996,New_Zealand_oceanic_waters,Oceanic_sea_surface_temperature_anomaly,Minimum,-5.39241
1997,New_Zealand_oceanic_waters,Oceanic_sea_surface_temperature_anomaly,Minimum,-7.31083
1998,New_Zealand_oceanic_waters,Oceanic_sea_surface_temperature_anomaly,Minimum,-5.6541
1999,New_Zealand_oceanic_waters,Oceanic_sea_surface_temperature_anomaly,Minimum,-5.81253
2000,New_Zealand_oceanic_waters,Oceanic_sea_surface_temperature_anomaly,Minimum,-5.01803
2001,New_Zealand_oceanic_waters,Oceanic_sea_surface_temperature_anomaly,Minimum,-6.74119
2002,New_Zealand_oceanic_waters,Oceanic_sea_surface_temperature_anomaly,Minimum,-5.01527
2003,New_Zealand_oceanic_waters,Oceanic_sea_surface_temperature_anomaly,Minimum,-4.64342
2004,New_Zealand_oceanic_waters,Oceanic_sea_surface_temperature_anomaly,Minimum,-5.84332
2005,New_Zealand_oceanic_waters,Oceanic_sea_surface_temperature_anomaly,Minimum,-5.33264
2006,New_Zealand_oceanic_waters,Oceanic_sea_surface_temperature_anomaly,Minimum,-5.45371
2007,New_Zealand_oceanic_waters,Oceanic_sea_surface_temperature_anomaly,Minimum,-6.22179
2008,New_Zealand_oceanic_waters,Oceanic_sea_surface_temperature_anomaly,Minimum,-5.13151
2009,New_Zealand_oceanic_waters,Oceanic_sea_surface_temperature_anomaly,Minimum,-5.76282
2010,New_Zealand_oceanic_waters,Oceanic_sea_surface_temperature_anomaly,Minimum,-5.04359
2011,New_Zealand_oceanic_waters,Oceanic_sea_surface_temperature_anomaly,Minimum,-5.68365
2012,New_Zealand_oceanic_waters,Oceanic_sea_surface_temperature_anomaly,Minimum,-5.36257
2013,New_Zealand_oceanic_waters,Oceanic_sea_surface_temperature_anomaly,Minimum,-9.72997
2014,New_Zealand_oceanic_waters,Oceanic_sea_surface_temperature_anomaly,Minimum,-7.64841
2015,New_Zealand_oceanic_waters,Oceanic_sea_surface_temperature_anomaly,Minimum,-6.42292
2016,New_Zealand_oceanic_waters,Oceanic_sea_surface_temperature_anomaly,Minimum,-6.44946
1993,Subantarctic_waters,Oceanic_sea_surface_temperature_anomaly,Minimum,-3.83307
1994,Subantarctic_waters,Oceanic_sea_surface_temperature_anomaly,Minimum,-2.88592
1995,Subantarctic_waters,Oceanic_sea_surface_temperature_anomaly,Minimum,-2.58506
1996,Subantarctic_waters,Oceanic_sea_surface_temperature_anomaly,Minimum,-3.5398
1997,Subantarctic_waters,Oceanic_sea_surface_temperature_anomaly,Minimum,-6.65481
1998,Subantarctic_waters,Oceanic_sea_surface_temperature_anomaly,Minimum,-3.43923
1999,Subantarctic_waters,Oceanic_sea_surface_temperature_anomaly,Minimum,-2.50361
2000,Subantarctic_waters,Oceanic_sea_surface_temperature_anomaly,Minimum,-3.68421
2001,Subantarctic_waters,Oceanic_sea_surface_temperature_anomaly,Minimum,-4.36115
2002,Subantarctic_waters,Oceanic_sea_surface_temperature_anomaly,Minimum,-3.5613
2003,Subantarctic_waters,Oceanic_sea_surface_temperature_anomaly,Minimum,-3.41865
2004,Subantarctic_waters,Oceanic_sea_surface_temperature_anomaly,Minimum,-4.44227
2005,Subantarctic_waters,Oceanic_sea_surface_temperature_anomaly,Minimum,-4.26121
2006,Subantarctic_waters,Oceanic_sea_surface_temperature_anomaly,Minimum,-3.92885
2007,Subantarctic_waters,Oceanic_sea_surface_temperature_anomaly,Minimum,-6.22179
2008,Subantarctic_waters,Oceanic_sea_surface_temperature_anomaly,Minimum,-3.18961
2009,Subantarctic_waters,Oceanic_sea_surface_temperature_anomaly,Minimum,-5.15477
2010,Subantarctic_waters,Oceanic_sea_surface_temperature_anomaly,Minimum,-2.84964
2011,Subantarctic_waters,Oceanic_sea_surface_temperature_anomaly,Minimum,-3.88541
2012,Subantarctic_waters,Oceanic_sea_surface_temperature_anomaly,Minimum,-3.53652
2013,Subantarctic_waters,Oceanic_sea_surface_temperature_anomaly,Minimum,-4.25521
2014,Subantarctic_waters,Oceanic_sea_surface_temperature_anomaly,Minimum,-5.37837
2015,Subantarctic_waters,Oceanic_sea_surface_temperature_anomaly,Minimum,-4.96707
2016,Subantarctic_waters,Oceanic_sea_surface_temperature_anomaly,Minimum,-6.12446
1993,Subtropical_waters,Oceanic_sea_surface_temperature_anomaly,Minimum,-4.01066
1994,Subtropical_waters,Oceanic_sea_surface_temperature_anomaly,Minimum,-4.60448
1995,Subtropical_waters,Oceanic_sea_surface_temperature_anomaly,Minimum,-4.07617
1996,Subtropical_waters,Oceanic_sea_surface_temperature_anomaly,Minimum,-5.02814
1997,Subtropical_waters,Oceanic_sea_surface_temperature_anomaly,Minimum,-4.74256
1998,Subtropical_waters,Oceanic_sea_surface_temperature_anomaly,Minimum,-4.10815
1999,Subtropical_waters,Oceanic_sea_surface_temperature_anomaly,Minimum,-5.106
2000,Subtropical_waters,Oceanic_sea_surface_temperature_anomaly,Minimum,-4.15914
2001,Subtropical_waters,Oceanic_sea_surface_temperature_anomaly,Minimum,-5.27457
2002,Subtropical_waters,Oceanic_sea_surface_temperature_anomaly,Minimum,-5.01527
2003,Subtropical_waters,Oceanic_sea_surface_temperature_anomaly,Minimum,-4.03571
2004,Subtropical_waters,Oceanic_sea_surface_temperature_anomaly,Minimum,-5.5431
2005,Subtropical_waters,Oceanic_sea_surface_temperature_anomaly,Minimum,-3.6927
2006,Subtropical_waters,Oceanic_sea_surface_temperature_anomaly,Minimum,-5.45371
2007,Subtropical_waters,Oceanic_sea_surface_temperature_anomaly,Minimum,-5.31324
2008,Subtropical_waters,Oceanic_sea_surface_temperature_anomaly,Minimum,-5.13151
2009,Subtropical_waters,Oceanic_sea_surface_temperature_anomaly,Minimum,-4.71881
2010,Subtropical_waters,Oceanic_sea_surface_temperature_anomaly,Minimum,-4.88835
2011,Subtropical_waters,Oceanic_sea_surface_temperature_anomaly,Minimum,-4.59961
2012,Subtropical_waters,Oceanic_sea_surface_temperature_anomaly,Minimum,-4.42101
2013,Subtropical_waters,Oceanic_sea_surface_temperature_anomaly,Minimum,-5.13823
2014,Subtropical_waters,Oceanic_sea_surface_temperature_anomaly,Minimum,-5.22091
2015,Subtropical_waters,Oceanic_sea_surface_temperature_anomaly,Minimum,-6.42292
2016,Subtropical_waters,Oceanic_sea_surface_temperature_anomaly,Minimum,-6.00258
1993,Tasman_Sea,Oceanic_sea_surface_temperature_anomaly,Minimum,-5.15389
1994,Tasman_Sea,Oceanic_sea_surface_temperature_anomaly,Minimum,-4.44461
1995,Tasman_Sea,Oceanic_sea_surface_temperature_anomaly,Minimum,-4.7988
1996,Tasman_Sea,Oceanic_sea_surface_temperature_anomaly,Minimum,-5.00732
1997,Tasman_Sea,Oceanic_sea_surface_temperature_anomaly,Minimum,-5.66379
1998,Tasman_Sea,Oceanic_sea_surface_temperature_anomaly,Minimum,-5.6541
1999,Tasman_Sea,Oceanic_sea_surface_temperature_anomaly,Minimum,-5.45926
2000,Tasman_Sea,Oceanic_sea_surface_temperature_anomaly,Minimum,-4.53301
2001,Tasman_Sea,Oceanic_sea_surface_temperature_anomaly,Minimum,-5.12019
2002,Tasman_Sea,Oceanic_sea_surface_temperature_anomaly,Minimum,-4.69539
2003,Tasman_Sea,Oceanic_sea_surface_temperature_anomaly,Minimum,-4.64342
2004,Tasman_Sea,Oceanic_sea_surface_temperature_anomaly,Minimum,-4.90512
2005,Tasman_Sea,Oceanic_sea_surface_temperature_anomaly,Minimum,-3.88949
2006,Tasman_Sea,Oceanic_sea_surface_temperature_anomaly,Minimum,-4.81627
2007,Tasman_Sea,Oceanic_sea_surface_temperature_anomaly,Minimum,-5.25646
2008,Tasman_Sea,Oceanic_sea_surface_temperature_anomaly,Minimum,-4.98968
2009,Tasman_Sea,Oceanic_sea_surface_temperature_anomaly,Minimum,-5.76282
2010,Tasman_Sea,Oceanic_sea_surface_temperature_anomaly,Minimum,-5.04359
2011,Tasman_Sea,Oceanic_sea_surface_temperature_anomaly,Minimum,-5.32656
2012,Tasman_Sea,Oceanic_sea_surface_temperature_anomaly,Minimum,-4.94885
2013,Tasman_Sea,Oceanic_sea_surface_temperature_anomaly,Minimum,-8.57222
2014,Tasman_Sea,Oceanic_sea_surface_temperature_anomaly,Minimum,-6.58556
2015,Tasman_Sea,Oceanic_sea_surface_temperature_anomaly,Minimum,-6.22552
2016,Tasman_Sea,Oceanic_sea_surface_temperature_anomaly,Minimum,-6.44946
1993,New_Zealand_oceanic_waters,Oceanic_sea_surface_temperature_anomaly,Maximum,5.9898
1994,New_Zealand_oceanic_waters,Oceanic_sea_surface_temperature_anomaly,Maximum,6.33307
1995,New_Zealand_oceanic_waters,Oceanic_sea_surface_temperature_anomaly,Maximum,6.68283
1996,New_Zealand_oceanic_waters,Oceanic_sea_surface_temperature_anomaly,Maximum,5.05716
1997,New_Zealand_oceanic_waters,Oceanic_sea_surface_temperature_anomaly,Maximum,6.70311
1998,New_Zealand_oceanic_waters,Oceanic_sea_surface_temperature_anomaly,Maximum,9.27031
1999,New_Zealand_oceanic_waters,Oceanic_sea_surface_temperature_anomaly,Maximum,6.01004
2000,New_Zealand_oceanic_waters,Oceanic_sea_surface_temperature_anomaly,Maximum,5.12723
2001,New_Zealand_oceanic_waters,Oceanic_sea_surface_temperature_anomaly,Maximum,6.17546
2002,New_Zealand_oceanic_waters,Oceanic_sea_surface_temperature_anomaly,Maximum,4.7166
2003,New_Zealand_oceanic_waters,Oceanic_sea_surface_temperature_anomaly,Maximum,4.74329
2004,New_Zealand_oceanic_waters,Oceanic_sea_surface_temperature_anomaly,Maximum,6.71607
2005,New_Zealand_oceanic_waters,Oceanic_sea_surface_temperature_anomaly,Maximum,5.64398
2006,New_Zealand_oceanic_waters,Oceanic_sea_surface_temperature_anomaly,Maximum,7.09525
2007,New_Zealand_oceanic_waters,Oceanic_sea_surface_temperature_anomaly,Maximum,5.1806
2008,New_Zealand_oceanic_waters,Oceanic_sea_surface_temperature_anomaly,Maximum,5.82172
2009,New_Zealand_oceanic_waters,Oceanic_sea_surface_temperature_anomaly,Maximum,5.75576
2010,New_Zealand_oceanic_waters,Oceanic_sea_surface_temperature_anomaly,Maximum,5.3466
2011,New_Zealand_oceanic_waters,Oceanic_sea_surface_temperature_anomaly,Maximum,7.12088
2012,New_Zealand_oceanic_waters,Oceanic_sea_surface_temperature_anomaly,Maximum,8.96051
2013,New_Zealand_oceanic_waters,Oceanic_sea_surface_temperature_anomaly,Maximum,9.97125
2014,New_Zealand_oceanic_waters,Oceanic_sea_surface_temperature_anomaly,Maximum,5.5258
2015,New_Zealand_oceanic_waters,Oceanic_sea_surface_temperature_anomaly,Maximum,5.964
2016,New_Zealand_oceanic_waters,Oceanic_sea_surface_temperature_anomaly,Maximum,7.14653
1993,Subantarctic_waters,Oceanic_sea_surface_temperature_anomaly,Maximum,2.66
1994,Subantarctic_waters,Oceanic_sea_surface_temperature_anomaly,Maximum,5.36053
1995,Subantarctic_waters,Oceanic_sea_surface_temperature_anomaly,Maximum,2.92059
1996,Subantarctic_waters,Oceanic_sea_surface_temperature_anomaly,Maximum,1.95559
1997,Subantarctic_waters,Oceanic_sea_surface_temperature_anomaly,Maximum,2.57152
1998,Subantarctic_waters,Oceanic_sea_surface_temperature_anomaly,Maximum,5.95543
1999,Subantarctic_waters,Oceanic_sea_surface_temperature_anomaly,Maximum,3.79625
2000,Subantarctic_waters,Oceanic_sea_surface_temperature_anomaly,Maximum,2.3181
2001,Subantarctic_waters,Oceanic_sea_surface_temperature_anomaly,Maximum,2.71473
2002,Subantarctic_waters,Oceanic_sea_surface_temperature_anomaly,Maximum,4.009
2003,Subantarctic_waters,Oceanic_sea_surface_temperature_anomaly,Maximum,4.41606
2004,Subantarctic_waters,Oceanic_sea_surface_temperature_anomaly,Maximum,2.67555
2005,Subantarctic_waters,Oceanic_sea_surface_temperature_anomaly,Maximum,4.00404
2006,Subantarctic_waters,Oceanic_sea_surface_temperature_anomaly,Maximum,4.73297
2007,Subantarctic_waters,Oceanic_sea_surface_temperature_anomaly,Maximum,2.77292
2008,Subantarctic_waters,Oceanic_sea_surface_temperature_anomaly,Maximum,3.46526
2009,Subantarctic_waters,Oceanic_sea_surface_temperature_anomaly,Maximum,5.75576
2010,Subantarctic_waters,Oceanic_sea_surface_temperature_anomaly,Maximum,4.03231
2011,Subantarctic_waters,Oceanic_sea_surface_temperature_anomaly,Maximum,2.93774
2012,Subantarctic_waters,Oceanic_sea_surface_temperature_anomaly,Maximum,8.96051
2013,Subantarctic_waters,Oceanic_sea_surface_temperature_anomaly,Maximum,6.63537
2014,Subantarctic_waters,Oceanic_sea_surface_temperature_anomaly,Maximum,3.41321
2015,Subantarctic_waters,Oceanic_sea_surface_temperature_anomaly,Maximum,2.57116
2016,Subantarctic_waters,Oceanic_sea_surface_temperature_anomaly,Maximum,5.06111
1993,Subtropical_waters,Oceanic_sea_surface_temperature_anomaly,Maximum,4.59128
1994,Subtropical_waters,Oceanic_sea_surface_temperature_anomaly,Maximum,6.33307
1995,Subtropical_waters,Oceanic_sea_surface_temperature_anomaly,Maximum,6.68283
1996,Subtropical_waters,Oceanic_sea_surface_temperature_anomaly,Maximum,3.35026
1997,Subtropical_waters,Oceanic_sea_surface_temperature_anomaly,Maximum,6.70311
1998,Subtropical_waters,Oceanic_sea_surface_temperature_anomaly,Maximum,6.50544
1999,Subtropical_waters,Oceanic_sea_surface_temperature_anomaly,Maximum,4.59698
2000,Subtropical_waters,Oceanic_sea_surface_temperature_anomaly,Maximum,5.12723
2001,Subtropical_waters,Oceanic_sea_surface_temperature_anomaly,Maximum,4.29716
2002,Subtropical_waters,Oceanic_sea_surface_temperature_anomaly,Maximum,4.39673
2003,Subtropical_waters,Oceanic_sea_surface_temperature_anomaly,Maximum,4.74329
2004,Subtropical_waters,Oceanic_sea_surface_temperature_anomaly,Maximum,4.90222
2005,Subtropical_waters,Oceanic_sea_surface_temperature_anomaly,Maximum,5.64398
2006,Subtropical_waters,Oceanic_sea_surface_temperature_anomaly,Maximum,5.27042
2007,Subtropical_waters,Oceanic_sea_surface_temperature_anomaly,Maximum,5.1011
2008,Subtropical_waters,Oceanic_sea_surface_temperature_anomaly,Maximum,5.82172
2009,Subtropical_waters,Oceanic_sea_surface_temperature_anomaly,Maximum,5.12476
2010,Subtropical_waters,Oceanic_sea_surface_temperature_anomaly,Maximum,4.86021
2011,Subtropical_waters,Oceanic_sea_surface_temperature_anomaly,Maximum,7.12088
2012,Subtropical_waters,Oceanic_sea_surface_temperature_anomaly,Maximum,4.26699
2013,Subtropical_waters,Oceanic_sea_surface_temperature_anomaly,Maximum,7.40066
2014,Subtropical_waters,Oceanic_sea_surface_temperature_anomaly,Maximum,5.5258
2015,Subtropical_waters,Oceanic_sea_surface_temperature_anomaly,Maximum,5.29776
2016,Subtropical_waters,Oceanic_sea_surface_temperature_anomaly,Maximum,5.98195
1993,Tasman_Sea,Oceanic_sea_surface_temperature_anomaly,Maximum,5.9898
1994,Tasman_Sea,Oceanic_sea_surface_temperature_anomaly,Maximum,5.6403
1995,Tasman_Sea,Oceanic_sea_surface_temperature_anomaly,Maximum,4.93934
1996,Tasman_Sea,Oceanic_sea_surface_temperature_anomaly,Maximum,5.05716
1997,Tasman_Sea,Oceanic_sea_surface_temperature_anomaly,Maximum,4.35817
1998,Tasman_Sea,Oceanic_sea_surface_temperature_anomaly,Maximum,6.47571
1999,Tasman_Sea,Oceanic_sea_surface_temperature_anomaly,Maximum,6.01004
2000,Tasman_Sea,Oceanic_sea_surface_temperature_anomaly,Maximum,4.96556
2001,Tasman_Sea,Oceanic_sea_surface_temperature_anomaly,Maximum,6.17546
2002,Tasman_Sea,Oceanic_sea_surface_temperature_anomaly,Maximum,4.7166
2003,Tasman_Sea,Oceanic_sea_surface_temperature_anomaly,Maximum,4.5189
2004,Tasman_Sea,Oceanic_sea_surface_temperature_anomaly,Maximum,6.71607
2005,Tasman_Sea,Oceanic_sea_surface_temperature_anomaly,Maximum,5.50185
2006,Tasman_Sea,Oceanic_sea_surface_temperature_anomaly,Maximum,7.09525
2007,Tasman_Sea,Oceanic_sea_surface_temperature_anomaly,Maximum,5.1806
2008,Tasman_Sea,Oceanic_sea_surface_temperature_anomaly,Maximum,4.92714
2009,Tasman_Sea,Oceanic_sea_surface_temperature_anomaly,Maximum,5.56072
2010,Tasman_Sea,Oceanic_sea_surface_temperature_anomaly,Maximum,5.3466
2011,Tasman_Sea,Oceanic_sea_surface_temperature_anomaly,Maximum,6.03684
2012,Tasman_Sea,Oceanic_sea_surface_temperature_anomaly,Maximum,5.97891
2013,Tasman_Sea,Oceanic_sea_surface_temperature_anomaly,Maximum,5.65423
2014,Tasman_Sea,Oceanic_sea_surface_temperature_anomaly,Maximum,4.33174
2015,Tasman_Sea,Oceanic_sea_surface_temperature_anomaly,Maximum,5.07568
2016,Tasman_Sea,Oceanic_sea_surface_temperature_anomaly,Maximum,7.14653
1993,New_Zealand_oceanic_waters,Oceanic_sea_surface_temperature_anomaly,Sample_Size,6444316
1994,New_Zealand_oceanic_waters,Oceanic_sea_surface_temperature_anomaly,Sample_Size,6444253
1995,New_Zealand_oceanic_waters,Oceanic_sea_surface_temperature_anomaly,Sample_Size,6444668
1996,New_Zealand_oceanic_waters,Oceanic_sea_surface_temperature_anomaly,Sample_Size,6444554
1997,New_Zealand_oceanic_waters,Oceanic_sea_surface_temperature_anomaly,Sample_Size,6444911
1998,New_Zealand_oceanic_waters,Oceanic_sea_surface_temperature_anomaly,Sample_Size,6444991
1999,New_Zealand_oceanic_waters,Oceanic_sea_surface_temperature_anomaly,Sample_Size,6444939
2000,New_Zealand_oceanic_waters,Oceanic_sea_surface_temperature_anomaly,Sample_Size,6444677
2001,New_Zealand_oceanic_waters,Oceanic_sea_surface_temperature_anomaly,Sample_Size,6446041
2002,New_Zealand_oceanic_waters,Oceanic_sea_surface_temperature_anomaly,Sample_Size,6445969
2003,New_Zealand_oceanic_waters,Oceanic_sea_surface_temperature_anomaly,Sample_Size,6446136
2004,New_Zealand_oceanic_waters,Oceanic_sea_surface_temperature_anomaly,Sample_Size,6449116
2005,New_Zealand_oceanic_waters,Oceanic_sea_surface_temperature_anomaly,Sample_Size,6451441
2006,New_Zealand_oceanic_waters,Oceanic_sea_surface_temperature_anomaly,Sample_Size,6449371
2007,New_Zealand_oceanic_waters,Oceanic_sea_surface_temperature_anomaly,Sample_Size,6449511
2008,New_Zealand_oceanic_waters,Oceanic_sea_surface_temperature_anomaly,Sample_Size,6450166
2009,New_Zealand_oceanic_waters,Oceanic_sea_surface_temperature_anomaly,Sample_Size,6450851
2010,New_Zealand_oceanic_waters,Oceanic_sea_surface_temperature_anomaly,Sample_Size,6451405
2011,New_Zealand_oceanic_waters,Oceanic_sea_surface_temperature_anomaly,Sample_Size,6450142
2012,New_Zealand_oceanic_waters,Oceanic_sea_surface_temperature_anomaly,Sample_Size,6450272
2013,New_Zealand_oceanic_waters,Oceanic_sea_surface_temperature_anomaly,Sample_Size,6450951
2014,New_Zealand_oceanic_waters,Oceanic_sea_surface_temperature_anomaly,Sample_Size,6448943
2015,New_Zealand_oceanic_waters,Oceanic_sea_surface_temperature_anomaly,Sample_Size,6449382
2016,New_Zealand_oceanic_waters,Oceanic_sea_surface_temperature_anomaly,Sample_Size,6449811
1993,Subantarctic_waters,Oceanic_sea_surface_temperature_anomaly,Sample_Size,1195519
1994,Subantarctic_waters,Oceanic_sea_surface_temperature_anomaly,Sample_Size,1195420
1995,Subantarctic_waters,Oceanic_sea_surface_temperature_anomaly,Sample_Size,1195516
1996,Subantarctic_waters,Oceanic_sea_surface_temperature_anomaly,Sample_Size,1195575
1997,Subantarctic_waters,Oceanic_sea_surface_temperature_anomaly,Sample_Size,1195616
1998,Subantarctic_waters,Oceanic_sea_surface_temperature_anomaly,Sample_Size,1195543
1999,Subantarctic_waters,Oceanic_sea_surface_temperature_anomaly,Sample_Size,1195580
2000,Subantarctic_waters,Oceanic_sea_surface_temperature_anomaly,Sample_Size,1195574
2001,Subantarctic_waters,Oceanic_sea_surface_temperature_anomaly,Sample_Size,1195606
2002,Subantarctic_waters,Oceanic_sea_surface_temperature_anomaly,Sample_Size,1195671
2003,Subantarctic_waters,Oceanic_sea_surface_temperature_anomaly,Sample_Size,1195634
2004,Subantarctic_waters,Oceanic_sea_surface_temperature_anomaly,Sample_Size,1196077
2005,Subantarctic_waters,Oceanic_sea_surface_temperature_anomaly,Sample_Size,1196234
2006,Subantarctic_waters,Oceanic_sea_surface_temperature_anomaly,Sample_Size,1196137
2007,Subantarctic_waters,Oceanic_sea_surface_temperature_anomaly,Sample_Size,1196151
2008,Subantarctic_waters,Oceanic_sea_surface_temperature_anomaly,Sample_Size,1196202
2009,Subantarctic_waters,Oceanic_sea_surface_temperature_anomaly,Sample_Size,1196274
2010,Subantarctic_waters,Oceanic_sea_surface_temperature_anomaly,Sample_Size,1196270
2011,Subantarctic_waters,Oceanic_sea_surface_temperature_anomaly,Sample_Size,1196144
2012,Subantarctic_waters,Oceanic_sea_surface_temperature_anomaly,Sample_Size,1196215
2013,Subantarctic_waters,Oceanic_sea_surface_temperature_anomaly,Sample_Size,1196192
2014,Subantarctic_waters,Oceanic_sea_surface_temperature_anomaly,Sample_Size,1196135
2015,Subantarctic_waters,Oceanic_sea_surface_temperature_anomaly,Sample_Size,1196189
2016,Subantarctic_waters,Oceanic_sea_surface_temperature_anomaly,Sample_Size,1196184
1993,Subtropical_waters,Oceanic_sea_surface_temperature_anomaly,Sample_Size,1375991
1994,Subtropical_waters,Oceanic_sea_surface_temperature_anomaly,Sample_Size,1376092
1995,Subtropical_waters,Oceanic_sea_surface_temperature_anomaly,Sample_Size,1376097
1996,Subtropical_waters,Oceanic_sea_surface_temperature_anomaly,Sample_Size,1376056
1997,Subtropical_waters,Oceanic_sea_surface_temperature_anomaly,Sample_Size,1376117
1998,Subtropical_waters,Oceanic_sea_surface_temperature_anomaly,Sample_Size,1376142
1999,Subtropical_waters,Oceanic_sea_surface_temperature_anomaly,Sample_Size,1376091
2000,Subtropical_waters,Oceanic_sea_surface_temperature_anomaly,Sample_Size,1376066
2001,Subtropical_waters,Oceanic_sea_surface_temperature_anomaly,Sample_Size,1376444
2002,Subtropical_waters,Oceanic_sea_surface_temperature_anomaly,Sample_Size,1376474
2003,Subtropical_waters,Oceanic_sea_surface_temperature_anomaly,Sample_Size,1376410
2004,Subtropical_waters,Oceanic_sea_surface_temperature_anomaly,Sample_Size,1377495
2005,Subtropical_waters,Oceanic_sea_surface_temperature_anomaly,Sample_Size,1377596
2006,Subtropical_waters,Oceanic_sea_surface_temperature_anomaly,Sample_Size,1377446
2007,Subtropical_waters,Oceanic_sea_surface_temperature_anomaly,Sample_Size,1377453
2008,Subtropical_waters,Oceanic_sea_surface_temperature_anomaly,Sample_Size,1377502
2009,Subtropical_waters,Oceanic_sea_surface_temperature_anomaly,Sample_Size,1377767
2010,Subtropical_waters,Oceanic_sea_surface_temperature_anomaly,Sample_Size,1377645
2011,Subtropical_waters,Oceanic_sea_surface_temperature_anomaly,Sample_Size,1377708
2012,Subtropical_waters,Oceanic_sea_surface_temperature_anomaly,Sample_Size,1377505
2013,Subtropical_waters,Oceanic_sea_surface_temperature_anomaly,Sample_Size,1377783
2014,Subtropical_waters,Oceanic_sea_surface_temperature_anomaly,Sample_Size,1377338
2015,Subtropical_waters,Oceanic_sea_surface_temperature_anomaly,Sample_Size,1377546
2016,Subtropical_waters,Oceanic_sea_surface_temperature_anomaly,Sample_Size,1377625
1993,Tasman_Sea,Oceanic_sea_surface_temperature_anomaly,Sample_Size,1490916
1994,Tasman_Sea,Oceanic_sea_surface_temperature_anomaly,Sample_Size,1491138
1995,Tasman_Sea,Oceanic_sea_surface_temperature_anomaly,Sample_Size,1490963
1996,Tasman_Sea,Oceanic_sea_surface_temperature_anomaly,Sample_Size,1490861
1997,Tasman_Sea,Oceanic_sea_surface_temperature_anomaly,Sample_Size,1491061
1998,Tasman_Sea,Oceanic_sea_surface_temperature_anomaly,Sample_Size,1491104
1999,Tasman_Sea,Oceanic_sea_surface_temperature_anomaly,Sample_Size,1491200
2000,Tasman_Sea,Oceanic_sea_surface_temperature_anomaly,Sample_Size,1490979
2001,Tasman_Sea,Oceanic_sea_surface_temperature_anomaly,Sample_Size,1491605
2002,Tasman_Sea,Oceanic_sea_surface_temperature_anomaly,Sample_Size,1491499
2003,Tasman_Sea,Oceanic_sea_surface_temperature_anomaly,Sample_Size,1491668
2004,Tasman_Sea,Oceanic_sea_surface_temperature_anomaly,Sample_Size,1492128
2005,Tasman_Sea,Oceanic_sea_surface_temperature_anomaly,Sample_Size,1493649
2006,Tasman_Sea,Oceanic_sea_surface_temperature_anomaly,Sample_Size,1492428
2007,Tasman_Sea,Oceanic_sea_surface_temperature_anomaly,Sample_Size,1492504
2008,Tasman_Sea,Oceanic_sea_surface_temperature_anomaly,Sample_Size,1492859
2009,Tasman_Sea,Oceanic_sea_surface_temperature_anomaly,Sample_Size,1492808
2010,Tasman_Sea,Oceanic_sea_surface_temperature_anomaly,Sample_Size,1493593
2011,Tasman_Sea,Oceanic_sea_surface_temperature_anomaly,Sample_Size,1492752
2012,Tasman_Sea,Oceanic_sea_surface_temperature_anomaly,Sample_Size,1492871
2013,Tasman_Sea,Oceanic_sea_surface_temperature_anomaly,Sample_Size,1493079
2014,Tasman_Sea,Oceanic_sea_surface_temperature_anomaly,Sample_Size,1492305
2015,Tasman_Sea,Oceanic_sea_surface_temperature_anomaly,Sample_Size,1492273
2016,Tasman_Sea,Oceanic_sea_surface_temperature_anomaly,Sample_Size,1492449
